{"cameraMode":{"drawMode":0,"name":"Shaded","section":"Shading Mode"},"sceneLighting":true,"audioPlay":false,"sceneViewState":{"showFog":true,"showMaterialUpdate":false,"showSkybox":true,"showFlares":true,"showImageEffects":true,"showParticleSystems":true},"in2DMode":false,"pivot":{"x":830.0350341796875,"y":378.9938659667969,"z":32.68499755859375},"rotation":{"x":0.017993854358792306,"y":-0.023993784561753274,"z":0.00043193728197366,"w":0.9995502233505249},"size":958.8162231445313,"orthographic":true}